id,person_id,product_id,created_at,updated_at,contact,rol
659,3,246,2019-11-27 14:37:04.87828,2019-11-27 14:37:04.87828,0,
865,7,178,2019-12-30 17:22:36.113502,2019-12-30 17:22:36.113502,,
866,7,181,2019-12-30 17:24:22.726537,2019-12-30 17:24:22.726537,,
434,101,222,2019-11-22 04:48:18.55788,2019-11-22 04:48:18.55788,,
435,3,222,2019-11-22 04:48:18.578058,2019-11-22 04:48:18.578058,,
436,5,222,2019-11-22 04:48:18.595726,2019-11-22 04:48:18.595726,,
503,9,238,2019-11-22 05:25:40.651446,2019-11-22 05:25:40.651446,,
504,116,238,2019-11-22 05:25:40.67666,2019-11-22 05:25:40.67666,,
505,117,238,2019-11-22 05:25:40.695721,2019-11-22 05:25:40.695721,,
506,118,238,2019-11-22 05:25:40.71973,2019-11-22 05:25:40.71973,,
507,119,238,2019-11-22 05:25:40.747392,2019-11-22 05:25:40.747392,,
12,10,6,2019-09-25 13:01:38.985514,2019-09-25 13:01:38.985514,0,0
13,35,6,2019-09-25 13:01:38.998291,2019-09-25 13:01:38.998291,0,0
508,8,238,2019-11-22 05:25:40.770729,2019-11-22 05:25:40.770729,,
867,7,265,2019-12-30 17:28:42.028951,2019-12-30 17:28:42.028951,,
868,7,266,2019-12-30 17:33:27.579811,2019-12-30 17:33:27.579811,,
869,7,177,2019-12-30 17:37:25.450639,2019-12-30 17:37:25.450639,,
18,34,8,2019-09-25 13:01:39.067702,2019-09-25 13:01:39.067702,0,0
19,5,8,2019-09-25 13:01:39.084061,2019-09-25 13:01:39.084061,0,0
20,3,8,2019-09-25 13:01:39.09819,2019-09-25 13:01:39.09819,0,0
21,27,9,2019-09-25 13:01:39.117424,2019-09-25 13:01:39.117424,0,0
22,33,9,2019-09-25 13:01:39.130679,2019-09-25 13:01:39.130679,0,0
23,13,9,2019-09-25 13:01:39.147176,2019-09-25 13:01:39.147176,0,0
24,3,9,2019-09-25 13:01:39.174469,2019-09-25 13:01:39.174469,0,0
25,30,10,2019-09-25 13:01:39.184665,2019-09-25 13:01:39.184665,0,0
26,3,10,2019-09-25 13:01:39.195583,2019-09-25 13:01:39.195583,0,0
27,29,11,2019-09-25 13:01:39.206324,2019-09-25 13:01:39.206324,0,0
28,13,11,2019-09-25 13:01:39.221136,2019-09-25 13:01:39.221136,0,0
29,3,11,2019-09-25 13:01:39.231441,2019-09-25 13:01:39.231441,0,0
870,7,183,2019-12-30 17:40:32.883509,2019-12-30 17:40:32.883509,,
515,4,240,2019-11-22 05:29:14.88739,2019-11-22 05:29:14.88739,,
516,101,240,2019-11-22 05:29:14.921489,2019-11-22 05:29:14.921489,,
517,3,240,2019-11-22 05:29:14.941643,2019-11-22 05:29:14.941643,,
36,24,14,2019-09-25 13:01:39.307629,2019-09-25 13:01:39.307629,0,0
37,6,14,2019-09-25 13:01:39.317307,2019-09-25 13:01:39.317307,0,0
38,5,15,2019-09-25 13:01:39.327536,2019-09-25 13:01:39.327536,0,0
39,21,15,2019-09-25 13:01:39.336801,2019-09-25 13:01:39.336801,0,0
40,23,15,2019-09-25 13:01:39.35562,2019-09-25 13:01:39.35562,0,0
41,15,16,2019-09-25 13:01:39.367363,2019-09-25 13:01:39.367363,0,0
42,5,16,2019-09-25 13:01:39.382276,2019-09-25 13:01:39.382276,0,0
43,14,16,2019-09-25 13:01:39.394327,2019-09-25 13:01:39.394327,0,0
518,27,240,2019-11-22 05:29:14.967923,2019-11-22 05:29:14.967923,,
45,20,18,2019-09-25 13:01:39.418359,2019-09-25 13:01:39.418359,0,0
46,13,18,2019-09-25 13:01:39.432082,2019-09-25 13:01:39.432082,0,0
47,6,18,2019-09-25 13:01:39.452884,2019-09-25 13:01:39.452884,0,0
48,5,19,2019-09-25 13:01:39.471974,2019-09-25 13:01:39.471974,0,0
49,5,20,2019-09-25 13:01:39.483394,2019-09-25 13:01:39.483394,0,0
51,10,22,2019-09-25 13:01:39.503367,2019-09-25 13:01:39.503367,0,1
52,7,23,2019-09-25 13:01:39.520059,2019-09-25 13:01:39.520059,0,1
53,7,24,2019-09-25 13:01:39.532048,2019-09-25 13:01:39.532048,0,1
54,21,25,2019-09-25 13:01:39.544014,2019-09-25 13:01:39.544014,0,0
55,6,25,2019-09-25 13:01:39.556285,2019-09-25 13:01:39.556285,0,0
56,5,25,2019-09-25 13:01:39.56986,2019-09-25 13:01:39.56986,0,0
57,36,26,2019-09-25 13:01:39.601662,2019-09-25 13:01:39.601662,0,0
58,37,26,2019-09-25 13:01:39.61638,2019-09-25 13:01:39.61638,0,0
59,5,26,2019-09-25 13:01:39.631936,2019-09-25 13:01:39.631936,0,0
60,7,27,2019-09-25 13:01:39.648207,2019-09-25 13:01:39.648207,0,0
61,34,27,2019-09-25 13:01:39.681241,2019-09-25 13:01:39.681241,0,0
62,39,28,2019-09-25 13:01:39.69577,2019-09-25 13:01:39.69577,0,0
63,11,28,2019-09-25 13:01:39.707829,2019-09-25 13:01:39.707829,0,0
64,11,29,2019-09-25 13:01:39.71916,2019-09-25 13:01:39.71916,0,0
65,40,29,2019-09-25 13:01:39.730708,2019-09-25 13:01:39.730708,0,0
66,11,30,2019-09-25 13:01:39.741103,2019-09-25 13:01:39.741103,0,0
67,40,30,2019-09-25 13:01:39.75137,2019-09-25 13:01:39.75137,0,0
68,41,31,2019-09-25 13:01:39.763336,2019-09-25 13:01:39.763336,0,0
69,2,31,2019-09-25 13:01:39.779159,2019-09-25 13:01:39.779159,0,0
70,51,31,2019-09-25 13:01:39.789523,2019-09-25 13:01:39.789523,0,0
71,5,31,2019-09-25 13:01:39.800016,2019-09-25 13:01:39.800016,0,0
72,42,31,2019-09-25 13:01:39.809267,2019-09-25 13:01:39.809267,0,0
73,44,32,2019-09-25 13:01:39.818613,2019-09-25 13:01:39.818613,0,0
74,5,32,2019-09-25 13:01:39.828985,2019-09-25 13:01:39.828985,0,0
75,6,32,2019-09-25 13:01:39.838007,2019-09-25 13:01:39.838007,0,0
76,52,32,2019-09-25 13:01:39.851087,2019-09-25 13:01:39.851087,0,0
77,5,33,2019-09-25 13:01:39.865426,2019-09-25 13:01:39.865426,0,0
78,43,34,2019-09-25 13:01:39.875965,2019-09-25 13:01:39.875965,0,0
79,5,34,2019-09-25 13:01:39.885414,2019-09-25 13:01:39.885414,0,0
80,44,35,2019-09-25 13:01:39.898211,2019-09-25 13:01:39.898211,0,0
81,5,35,2019-09-25 13:01:39.911199,2019-09-25 13:01:39.911199,0,0
82,6,35,2019-09-25 13:01:39.922211,2019-09-25 13:01:39.922211,0,0
83,52,35,2019-09-25 13:01:39.947055,2019-09-25 13:01:39.947055,0,0
84,53,35,2019-09-25 13:01:39.963452,2019-09-25 13:01:39.963452,0,0
85,21,36,2019-09-25 13:01:39.98498,2019-09-25 13:01:39.98498,0,0
86,5,36,2019-09-25 13:01:39.996826,2019-09-25 13:01:39.996826,0,0
87,6,36,2019-09-25 13:01:40.006944,2019-09-25 13:01:40.006944,0,0
88,45,37,2019-09-25 13:01:40.018631,2019-09-25 13:01:40.018631,0,0
89,5,37,2019-09-25 13:01:40.031196,2019-09-25 13:01:40.031196,0,0
90,52,37,2019-09-25 13:01:40.045694,2019-09-25 13:01:40.045694,0,0
91,21,38,2019-09-25 13:01:40.061309,2019-09-25 13:01:40.061309,0,0
92,5,38,2019-09-25 13:01:40.07494,2019-09-25 13:01:40.07494,0,0
93,6,38,2019-09-25 13:01:40.086192,2019-09-25 13:01:40.086192,0,0
94,54,39,2019-09-25 13:01:40.096702,2019-09-25 13:01:40.096702,0,0
95,5,39,2019-09-25 13:01:40.114148,2019-09-25 13:01:40.114148,0,0
96,27,40,2019-09-25 13:01:40.144863,2019-09-25 13:01:40.144863,0,0
97,46,40,2019-09-25 13:01:40.173838,2019-09-25 13:01:40.173838,0,0
98,3,40,2019-09-25 13:01:40.195461,2019-09-25 13:01:40.195461,0,0
99,3,41,2019-09-25 13:01:40.21021,2019-09-25 13:01:40.21021,0,0
100,27,41,2019-09-25 13:01:40.220551,2019-09-25 13:01:40.220551,0,0
101,47,42,2019-09-25 13:01:40.242483,2019-09-25 13:01:40.242483,0,0
102,6,42,2019-09-25 13:01:40.26381,2019-09-25 13:01:40.26381,0,0
103,14,42,2019-09-25 13:01:40.274417,2019-09-25 13:01:40.274417,0,0
104,24,43,2019-09-25 13:01:40.284172,2019-09-25 13:01:40.284172,0,0
105,6,43,2019-09-25 13:01:40.292705,2019-09-25 13:01:40.292705,0,0
106,21,44,2019-09-25 13:01:40.306067,2019-09-25 13:01:40.306067,0,0
107,6,44,2019-09-25 13:01:40.321117,2019-09-25 13:01:40.321117,0,0
519,21,241,2019-11-22 05:29:58.940867,2019-11-22 05:29:58.940867,,
520,6,241,2019-11-22 05:29:58.956558,2019-11-22 05:29:58.956558,,
521,5,241,2019-11-22 05:29:58.972855,2019-11-22 05:29:58.972855,,
522,97,217,2019-11-22 05:31:26.574063,2019-11-22 05:31:26.574063,,
523,6,217,2019-11-22 05:31:26.590427,2019-11-22 05:31:26.590427,,
108,5,44,2019-09-25 13:01:40.33216,2019-09-25 13:01:40.33216,0,0
109,55,45,2019-09-25 13:01:40.350165,2019-09-25 13:01:40.350165,0,0
110,24,45,2019-09-25 13:01:40.382842,2019-09-25 13:01:40.382842,0,0
111,5,45,2019-09-25 13:01:40.40478,2019-09-25 13:01:40.40478,0,0
112,11,46,2019-09-25 13:01:40.414854,2019-09-25 13:01:40.414854,0,0
113,3,47,2019-09-25 13:01:40.426476,2019-09-25 13:01:40.426476,0,0
114,3,48,2019-09-25 13:01:40.436682,2019-09-25 13:01:40.436682,0,0
115,27,49,2019-09-25 13:01:40.452545,2019-09-25 13:01:40.452545,0,0
116,46,49,2019-09-25 13:01:40.463541,2019-09-25 13:01:40.463541,0,0
117,48,49,2019-09-25 13:01:40.473393,2019-09-25 13:01:40.473393,0,0
118,3,49,2019-09-25 13:01:40.48606,2019-09-25 13:01:40.48606,0,0
119,8,50,2019-09-25 13:01:40.496286,2019-09-25 13:01:40.496286,0,0
121,13,110,2019-09-25 13:01:40.53943,2019-09-25 13:01:40.53943,0,0
122,5,111,2019-09-25 13:01:40.560472,2019-09-25 13:01:40.560472,0,0
123,3,112,2019-09-25 13:01:40.579855,2019-09-25 13:01:40.579855,0,0
124,5,113,2019-09-25 13:01:40.601846,2019-09-25 13:01:40.601846,0,0
125,3,113,2019-09-25 13:01:40.626665,2019-09-25 13:01:40.626665,0,0
126,5,114,2019-09-25 13:01:40.659336,2019-09-25 13:01:40.659336,0,0
127,3,115,2019-09-25 13:01:40.684758,2019-09-25 13:01:40.684758,0,0
128,13,116,2019-09-25 13:01:40.713406,2019-09-25 13:01:40.713406,0,0
129,5,117,2019-09-25 13:01:40.723918,2019-09-25 13:01:40.723918,0,0
130,5,118,2019-09-25 13:01:40.7359,2019-09-25 13:01:40.7359,0,0
131,12,119,2019-09-25 13:01:40.760581,2019-09-25 13:01:40.760581,0,0
133,14,121,2019-09-25 13:01:40.786998,2019-09-25 13:01:40.786998,0,0
134,2,122,2019-09-25 13:01:40.798404,2019-09-25 13:01:40.798404,0,0
135,2,123,2019-09-25 13:01:40.808224,2019-09-25 13:01:40.808224,0,0
137,2,125,2019-09-25 13:01:40.84011,2019-09-25 13:01:40.84011,0,0
138,31,7,2019-09-25 13:02:19.978541,2019-09-25 13:02:19.978541,0,
139,13,7,2019-09-25 13:02:19.990182,2019-09-25 13:02:19.990182,0,
140,32,7,2019-09-25 13:02:20.000509,2019-09-25 13:02:20.000509,0,
141,3,7,2019-09-25 13:02:20.012001,2019-09-25 13:02:20.012001,0,
660,27,246,2019-11-27 14:37:04.894115,2019-11-27 14:37:04.894115,3,
688,8,151,2019-12-02 23:37:20.957135,2019-12-02 23:37:20.957135,,
439,102,223,2019-11-22 04:51:53.142007,2019-11-22 04:51:53.142007,,
689,137,151,2019-12-02 23:37:20.974755,2019-12-02 23:37:20.974755,,
690,138,151,2019-12-02 23:37:20.985608,2019-12-02 23:37:20.985608,,
691,10,151,2019-12-02 23:37:20.999432,2019-12-02 23:37:20.999432,,
440,54,223,2019-11-22 04:51:53.162443,2019-11-22 04:51:53.162443,,
441,5,223,2019-11-22 04:51:53.183722,2019-11-22 04:51:53.183722,,
442,44,218,2019-11-22 04:53:02.478369,2019-11-22 04:53:02.478369,,
443,6,218,2019-11-22 04:53:02.501686,2019-11-22 04:53:02.501686,,
444,5,218,2019-11-22 04:53:02.539759,2019-11-22 04:53:02.539759,,
445,8,220,2019-11-22 04:54:16.544396,2019-11-22 04:54:16.544396,,
446,75,220,2019-11-22 04:54:16.571823,2019-11-22 04:54:16.571823,,
447,98,220,2019-11-22 04:54:16.591032,2019-11-22 04:54:16.591032,,
448,5,220,2019-11-22 04:54:16.626794,2019-11-22 04:54:16.626794,,
449,11,220,2019-11-22 04:54:16.662329,2019-11-22 04:54:16.662329,,
450,42,224,2019-11-22 04:56:13.641106,2019-11-22 04:56:13.641106,,
451,2,224,2019-11-22 04:56:13.658554,2019-11-22 04:56:13.658554,,
452,5,224,2019-11-22 04:56:13.696899,2019-11-22 04:56:13.696899,,
453,45,225,2019-11-22 04:57:53.840191,2019-11-22 04:57:53.840191,,
454,5,225,2019-11-22 04:57:53.854546,2019-11-22 04:57:53.854546,,
692,9,167,2019-12-02 23:40:41.797792,2019-12-02 23:40:41.797792,,
719,21,271,2019-12-03 14:21:38.705025,2019-12-03 14:21:38.705025,,
720,6,271,2019-12-03 14:21:38.735253,2019-12-03 14:21:38.735253,,
721,5,271,2019-12-03 14:21:38.751983,2019-12-03 14:21:38.751983,,
455,51,225,2019-11-22 04:57:53.8682,2019-11-22 04:57:53.8682,,
175,27,12,2019-09-25 13:46:21.908644,2019-09-25 13:46:21.908644,0,
176,28,12,2019-09-25 13:46:21.919354,2019-09-25 13:46:21.919354,0,
177,3,12,2019-09-25 13:46:21.929674,2019-09-25 13:46:21.929674,0,
178,3,13,2019-09-25 13:48:37.763276,2019-09-25 13:48:37.763276,0,
179,25,13,2019-09-25 13:48:37.774191,2019-09-25 13:48:37.774191,0,
180,26,13,2019-09-25 13:48:37.784929,2019-09-25 13:48:37.784929,0,
460,104,226,2019-11-22 05:00:12.530371,2019-11-22 05:00:12.530371,,
461,13,226,2019-11-22 05:00:12.580802,2019-11-22 05:00:12.580802,,
462,5,226,2019-11-22 05:00:12.610557,2019-11-22 05:00:12.610557,,
463,103,226,2019-11-22 05:00:12.651373,2019-11-22 05:00:12.651373,,
744,10,124,2019-12-05 03:51:07.421228,2019-12-05 03:51:07.421228,,
745,8,124,2019-12-05 03:51:07.441522,2019-12-05 03:51:07.441522,,
467,106,228,2019-11-22 05:03:35.067497,2019-11-22 05:03:35.067497,,
468,27,228,2019-11-22 05:03:35.079353,2019-11-22 05:03:35.079353,,
469,46,228,2019-11-22 05:03:35.091217,2019-11-22 05:03:35.091217,,
470,3,228,2019-11-22 05:03:35.103717,2019-11-22 05:03:35.103717,,
193,4,137,2019-09-25 14:15:32.692597,2019-09-25 14:15:32.692597,0,
194,65,137,2019-09-25 14:15:32.706788,2019-09-25 14:15:32.706788,0,
195,66,137,2019-09-25 14:15:32.720096,2019-09-25 14:15:32.720096,0,
751,11,283,2019-12-05 04:26:28.082219,2019-12-05 04:26:28.082219,,
752,10,283,2019-12-05 04:26:28.09297,2019-12-05 04:26:28.09297,,
753,141,283,2019-12-05 04:26:28.103576,2019-12-05 04:26:28.103576,,
754,142,283,2019-12-05 04:26:28.114355,2019-12-05 04:26:28.114355,,
471,107,229,2019-11-22 05:04:44.616722,2019-11-22 05:04:44.616722,,
472,100,229,2019-11-22 05:04:44.668978,2019-11-22 05:04:44.668978,,
473,11,229,2019-11-22 05:04:44.702017,2019-11-22 05:04:44.702017,,
755,10,280,2019-12-05 04:30:09.681483,2019-12-05 04:30:09.681483,,
756,10,279,2019-12-05 04:34:04.976091,2019-12-05 04:34:04.976091,,
757,10,159,2019-12-05 04:37:34.636321,2019-12-05 04:37:34.636321,,
476,108,230,2019-11-22 05:08:34.916667,2019-11-22 05:08:34.916667,,
477,3,230,2019-11-22 05:08:34.961979,2019-11-22 05:08:34.961979,,
759,10,163,2019-12-05 04:44:11.257491,2019-12-05 04:44:11.257491,,
760,10,282,2019-12-05 04:46:55.943114,2019-12-05 04:46:55.943114,,
761,10,281,2019-12-05 04:51:14.371654,2019-12-05 04:51:14.371654,,
794,130,262,2019-12-06 18:49:52.089141,2019-12-06 18:49:52.089141,,
795,130,263,2019-12-06 18:50:07.75757,2019-12-06 18:50:07.75757,,
796,48,132,2019-12-09 14:18:24.754296,2019-12-09 14:18:24.754296,,0
797,27,132,2019-12-09 14:18:24.768058,2019-12-09 14:18:24.768058,,0
798,5,132,2019-12-09 14:18:24.779949,2019-12-09 14:18:24.779949,,0
483,109,231,2019-11-22 05:11:35.887566,2019-11-22 05:11:35.887566,,
484,6,231,2019-11-22 05:11:35.936396,2019-11-22 05:11:35.936396,,
485,52,231,2019-11-22 05:11:35.983901,2019-11-22 05:11:35.983901,,
486,5,231,2019-11-22 05:11:36.048763,2019-11-22 05:11:36.048763,,
800,11,289,2019-12-16 13:46:08.367358,2019-12-16 13:46:08.367358,,0
801,143,289,2019-12-16 13:46:08.393892,2019-12-16 13:46:08.393892,,0
809,11,292,2019-12-16 14:31:44.382581,2019-12-16 14:31:44.382581,,
810,148,292,2019-12-16 14:31:44.523673,2019-12-16 14:31:44.523673,,
811,144,292,2019-12-16 14:31:44.596889,2019-12-16 14:31:44.596889,,
812,10,292,2019-12-16 14:31:44.643477,2019-12-16 14:31:44.643477,,
813,120,292,2019-12-16 14:31:44.714793,2019-12-16 14:31:44.714793,,
814,40,292,2019-12-16 14:31:44.801064,2019-12-16 14:31:44.801064,,
815,130,292,2019-12-16 14:31:44.833902,2019-12-16 14:31:44.833902,,
871,7,175,2019-12-30 17:43:03.778036,2019-12-30 17:43:03.778036,,
881,7,301,2019-12-30 18:31:16.360852,2019-12-30 18:31:16.360852,,
882,7,302,2019-12-30 18:34:15.443519,2019-12-30 18:34:15.443519,,
883,7,300,2019-12-30 18:35:09.565576,2019-12-30 18:35:09.565576,,
884,136,274,2019-12-30 18:36:52.745145,2019-12-30 18:36:52.745145,,
487,14,231,2019-11-22 05:11:36.134537,2019-11-22 05:11:36.134537,,
488,110,232,2019-11-22 05:13:44.455176,2019-11-22 05:13:44.455176,,
489,3,232,2019-11-22 05:13:44.571844,2019-11-22 05:13:44.571844,,
885,6,274,2019-12-30 18:36:52.762763,2019-12-30 18:36:52.762763,,
886,51,274,2019-12-30 18:36:52.777861,2019-12-30 18:36:52.777861,,
490,14,232,2019-11-22 05:13:44.668457,2019-11-22 05:13:44.668457,,
491,4,233,2019-11-22 05:15:59.678493,2019-11-22 05:15:59.678493,,
492,111,233,2019-11-22 05:15:59.698979,2019-11-22 05:15:59.698979,,
493,3,233,2019-11-22 05:15:59.725418,2019-11-22 05:15:59.725418,,
494,112,234,2019-11-22 05:18:09.277329,2019-11-22 05:18:09.277329,,
495,113,234,2019-11-22 05:18:09.291778,2019-11-22 05:18:09.291778,,
891,8,254,2019-12-30 20:20:58.411841,2019-12-30 20:20:58.411841,0,
919,6,147,2020-01-06 14:35:52.598393,2020-01-06 14:35:52.598393,,
244,10,160,2019-11-18 13:51:44.949232,2019-11-18 13:51:44.949232,,
920,3,147,2020-01-06 14:35:52.609406,2020-01-06 14:35:52.609406,,
921,3,145,2020-01-06 14:36:26.47272,2020-01-06 14:36:26.47272,,
922,5,145,2020-01-06 14:36:26.483387,2020-01-06 14:36:26.483387,,
944,11,321,2020-01-15 15:15:08.384876,2020-01-15 15:15:08.384876,,
945,152,321,2020-01-15 15:15:08.397309,2020-01-15 15:15:08.397309,,
946,94,322,2020-01-15 15:17:04.157654,2020-01-15 15:17:04.157654,,
947,11,322,2020-01-15 15:17:04.197467,2020-01-15 15:17:04.197467,,
736,131,270,2019-12-04 18:46:06.719195,2019-12-04 18:46:06.719195,,
948,99,322,2020-01-15 15:17:04.297082,2020-01-15 15:17:04.297082,,
949,11,323,2020-01-15 15:19:55.931459,2020-01-15 15:19:55.931459,,
268,7,174,2019-11-18 15:31:31.001256,2019-11-18 15:31:31.001256,,0
950,152,323,2020-01-15 15:19:55.942855,2020-01-15 15:19:55.942855,,
737,6,270,2019-12-04 18:46:06.757954,2019-12-04 18:46:06.757954,,
738,98,270,2019-12-04 18:46:06.782939,2019-12-04 18:46:06.782939,,
746,10,162,2019-12-05 04:03:09.144835,2019-12-05 04:03:09.144835,,
762,80,165,2019-12-05 13:10:31.628594,2019-12-05 13:10:31.628594,,0
951,102,324,2020-01-15 15:21:53.632355,2020-01-15 15:21:53.632355,,
280,2,185,2019-11-18 16:41:16.390695,2019-11-18 16:41:16.390695,,
281,2,186,2019-11-18 16:42:04.457971,2019-11-18 16:42:04.457971,,
282,2,187,2019-11-18 16:42:54.605754,2019-11-18 16:42:54.605754,,
283,2,188,2019-11-18 16:44:57.585371,2019-11-18 16:44:57.585371,,
284,2,189,2019-11-18 16:48:09.717604,2019-11-18 16:48:09.717604,,
285,2,190,2019-11-18 16:49:42.144406,2019-11-18 16:49:42.144406,,
286,2,191,2019-11-18 16:51:05.474016,2019-11-18 16:51:05.474016,,
288,2,193,2019-11-18 16:59:17.626125,2019-11-18 16:59:17.626125,,
952,152,324,2020-01-15 15:21:53.6469,2020-01-15 15:21:53.6469,,
953,3,325,2020-01-15 15:24:34.236611,2020-01-15 15:24:34.236611,,
954,14,325,2020-01-15 15:24:34.255035,2020-01-15 15:24:34.255035,,
955,45,326,2020-01-15 15:26:45.388638,2020-01-15 15:26:45.388638,,
956,51,326,2020-01-15 15:26:45.413113,2020-01-15 15:26:45.413113,,
294,2,201,2019-11-18 17:19:48.633827,2019-11-18 17:19:48.633827,,
763,9,165,2019-12-05 13:10:31.667679,2019-12-05 13:10:31.667679,,0
957,5,326,2020-01-15 15:26:45.441409,2020-01-15 15:26:45.441409,,
958,152,326,2020-01-15 15:26:45.465843,2020-01-15 15:26:45.465843,,
959,2,192,2020-01-17 19:31:03.996612,2020-01-17 19:31:03.996612,,
960,3,327,2020-01-20 13:01:44.539123,2020-01-20 13:01:44.539123,0,
768,2,196,2019-12-05 13:19:12.054909,2019-12-05 13:19:12.054909,,
961,14,327,2020-01-20 13:01:44.552823,2020-01-20 13:01:44.552823,0,
962,152,327,2020-01-20 13:01:44.565183,2020-01-20 13:01:44.565183,0,
965,9,329,2020-01-22 15:04:36.065031,2020-01-22 15:04:36.065031,0,
966,152,328,2020-01-24 13:14:37.741719,2020-01-24 13:14:37.741719,0,
967,5,328,2020-01-24 13:14:37.754317,2020-01-24 13:14:37.754317,0,
968,153,328,2020-01-24 13:14:37.766506,2020-01-24 13:14:37.766506,0,
969,5,330,2020-01-29 13:10:37.175638,2020-01-29 13:10:37.175638,0,
310,7,17,2019-11-19 13:55:35.437914,2019-11-19 13:55:35.437914,0,
781,2,200,2019-12-05 20:27:00.162298,2019-12-05 20:27:00.162298,,
782,3,144,2019-12-05 20:27:37.855208,2019-12-05 20:27:37.855208,,
313,18,4,2019-11-19 13:58:09.367162,2019-11-19 13:58:09.367162,0,
314,10,4,2019-11-19 13:58:09.378084,2019-11-19 13:58:09.378084,0,
315,80,2,2019-11-19 14:02:25.159272,2019-11-19 14:02:25.159272,0,
316,9,2,2019-11-19 14:02:25.217484,2019-11-19 14:02:25.217484,0,
317,86,2,2019-11-19 14:02:25.254137,2019-11-19 14:02:25.254137,0,
318,87,2,2019-11-19 14:02:25.283559,2019-11-19 14:02:25.283559,0,
783,14,144,2019-12-05 20:27:37.863474,2019-12-05 20:27:37.863474,,
784,5,213,2019-12-05 20:30:02.666334,2019-12-05 20:30:02.666334,,
785,2,197,2019-12-05 20:30:54.470914,2019-12-05 20:30:54.470914,,
786,2,198,2019-12-05 20:31:33.955637,2019-12-05 20:31:33.955637,,
787,2,199,2019-12-05 20:32:01.935526,2019-12-05 20:32:01.935526,,
788,6,286,2019-12-05 20:32:31.020226,2019-12-05 20:32:31.020226,,
789,6,278,2019-12-05 20:33:29.426506,2019-12-05 20:33:29.426506,,
970,21,330,2020-01-29 13:10:37.191999,2020-01-29 13:10:37.191999,0,
971,6,330,2020-01-29 13:10:37.204559,2020-01-29 13:10:37.204559,0,
328,27,133,2019-11-19 14:07:30.888284,2019-11-19 14:07:30.888284,0,
329,46,133,2019-11-19 14:07:30.898985,2019-11-19 14:07:30.898985,0,
330,48,133,2019-11-19 14:07:30.908884,2019-11-19 14:07:30.908884,0,
331,3,133,2019-11-19 14:07:30.919298,2019-11-19 14:07:30.919298,0,
332,63,134,2019-11-19 14:08:41.454407,2019-11-19 14:08:41.454407,0,
333,7,134,2019-11-19 14:08:41.465467,2019-11-19 14:08:41.465467,0,
334,62,134,2019-11-19 14:08:41.475737,2019-11-19 14:08:41.475737,0,
335,15,1,2019-11-19 14:10:56.493588,2019-11-19 14:10:56.493588,0,
336,5,1,2019-11-19 14:10:56.502503,2019-11-19 14:10:56.502503,0,
337,16,1,2019-11-19 14:10:56.511108,2019-11-19 14:10:56.511108,0,
338,9,3,2019-11-19 14:12:01.652301,2019-11-19 14:12:01.652301,0,
339,17,3,2019-11-19 14:12:01.663891,2019-11-19 14:12:01.663891,0,
816,55,292,2019-12-16 14:31:44.856942,2019-12-16 14:31:44.856942,,
343,15,126,2019-11-19 14:16:14.051621,2019-11-19 14:16:14.051621,3,
344,5,126,2019-11-19 14:16:14.079757,2019-11-19 14:16:14.079757,0,
345,14,126,2019-11-19 14:16:14.101918,2019-11-19 14:16:14.101918,0,
346,64,136,2019-11-19 14:28:40.827922,2019-11-19 14:28:40.827922,0,
347,2,136,2019-11-19 14:28:40.839138,2019-11-19 14:28:40.839138,0,
348,90,136,2019-11-19 14:28:40.849888,2019-11-19 14:28:40.849888,0,
821,11,295,2019-12-16 14:40:05.406922,2019-12-16 14:40:05.406922,,
829,120,239,2019-12-19 15:30:42.097207,2019-12-19 15:30:42.097207,,
830,124,239,2019-12-19 15:30:42.111972,2019-12-19 15:30:42.111972,,
831,121,239,2019-12-19 15:30:42.127068,2019-12-19 15:30:42.127068,,
832,11,239,2019-12-19 15:30:42.144272,2019-12-19 15:30:42.144272,,
833,122,239,2019-12-19 15:30:42.203388,2019-12-19 15:30:42.203388,,
834,123,239,2019-12-19 15:30:42.225185,2019-12-19 15:30:42.225185,,
349,10,203,2019-11-19 14:43:34.183492,2019-11-19 14:43:34.183492,0,
350,74,203,2019-11-19 14:43:34.19288,2019-11-19 14:43:34.19288,0,
351,75,203,2019-11-19 14:43:34.201551,2019-11-19 14:43:34.201551,0,
352,76,203,2019-11-19 14:43:34.209707,2019-11-19 14:43:34.209707,0,
353,77,203,2019-11-19 14:43:34.217473,2019-11-19 14:43:34.217473,0,
354,78,203,2019-11-19 14:43:34.225448,2019-11-19 14:43:34.225448,0,
355,79,203,2019-11-19 14:43:34.233427,2019-11-19 14:43:34.233427,0,
356,11,203,2019-11-19 14:43:34.241537,2019-11-19 14:43:34.241537,0,
357,49,204,2019-11-19 14:49:04.080774,2019-11-19 14:49:04.080774,0,
358,91,204,2019-11-19 14:49:04.09414,2019-11-19 14:49:04.09414,0,
359,12,204,2019-11-19 14:49:04.102921,2019-11-19 14:49:04.102921,0,
496,12,234,2019-11-22 05:18:09.305854,2019-11-22 05:18:09.305854,,
497,108,236,2019-11-22 05:22:04.870356,2019-11-22 05:22:04.870356,,
498,27,236,2019-11-22 05:22:04.909178,2019-11-22 05:22:04.909178,,
872,7,268,2019-12-30 18:06:45.248814,2019-12-30 18:06:45.248814,,
873,85,268,2019-12-30 18:06:45.262642,2019-12-30 18:06:45.262642,,
887,10,277,2019-12-30 19:00:42.230855,2019-12-30 19:00:42.230855,,
888,150,277,2019-12-30 19:00:42.249746,2019-12-30 19:00:42.249746,,
889,35,277,2019-12-30 19:00:42.275146,2019-12-30 19:00:42.275146,,
499,3,236,2019-11-22 05:22:04.925337,2019-11-22 05:22:04.925337,,
500,115,237,2019-11-22 05:23:03.872028,2019-11-22 05:23:03.872028,,
892,81,170,2019-12-31 13:47:30.601815,2019-12-31 13:47:30.601815,,0
893,82,170,2019-12-31 13:47:30.639672,2019-12-31 13:47:30.639672,,0
894,48,170,2019-12-31 13:47:30.69509,2019-12-31 13:47:30.69509,,0
895,84,170,2019-12-31 13:47:30.73732,2019-12-31 13:47:30.73732,,0
896,5,170,2019-12-31 13:47:30.797149,2019-12-31 13:47:30.797149,,0
899,60,304,2020-01-06 04:48:55.748501,2020-01-06 04:48:55.748501,,
900,61,304,2020-01-06 04:48:55.757337,2020-01-06 04:48:55.757337,,
901,34,304,2020-01-06 04:48:55.764922,2020-01-06 04:48:55.764922,,
902,5,304,2020-01-06 04:48:55.772869,2020-01-06 04:48:55.772869,,
501,3,237,2019-11-22 05:23:03.895802,2019-11-22 05:23:03.895802,,
904,58,172,2020-01-06 04:56:29.167395,2020-01-06 04:56:29.167395,,
905,5,172,2020-01-06 04:56:29.175244,2020-01-06 04:56:29.175244,,
906,57,172,2020-01-06 04:56:29.18269,2020-01-06 04:56:29.18269,,
384,5,214,2019-11-22 03:22:37.089913,2019-11-22 03:22:37.089913,,
385,60,215,2019-11-22 03:34:42.241451,2019-11-22 03:34:42.241451,,
386,61,215,2019-11-22 03:34:42.252442,2019-11-22 03:34:42.252442,,
387,34,215,2019-11-22 03:34:42.262628,2019-11-22 03:34:42.262628,,
388,5,215,2019-11-22 03:34:42.273254,2019-11-22 03:34:42.273254,,
389,34,216,2019-11-22 03:36:13.472906,2019-11-22 03:36:13.472906,,
390,7,216,2019-11-22 03:36:13.485235,2019-11-22 03:36:13.485235,,
502,5,237,2019-11-22 05:23:03.931624,2019-11-22 05:23:03.931624,,
907,5,306,2020-01-06 05:00:33.02918,2020-01-06 05:00:33.02918,,
908,5,307,2020-01-06 05:06:22.598788,2020-01-06 05:06:22.598788,,
909,42,276,2020-01-06 05:08:31.66357,2020-01-06 05:08:31.66357,,
910,2,276,2020-01-06 05:08:31.672921,2020-01-06 05:08:31.672921,,
911,5,276,2020-01-06 05:08:31.680632,2020-01-06 05:08:31.680632,,
397,21,219,2019-11-22 03:43:36.699433,2019-11-22 03:43:36.699433,,
398,5,219,2019-11-22 03:43:36.717852,2019-11-22 03:43:36.717852,,
399,6,219,2019-11-22 03:43:36.73021,2019-11-22 03:43:36.73021,,
524,105,227,2019-11-22 07:40:56.466142,2019-11-22 07:40:56.466142,,
525,3,227,2019-11-22 07:40:56.48995,2019-11-22 07:40:56.48995,,
912,54,308,2020-01-06 05:13:19.954497,2020-01-06 05:13:19.954497,,
684,6,275,2019-12-02 18:50:29.431182,2019-12-02 18:50:29.431182,,
407,99,221,2019-11-22 04:23:07.820139,2019-11-22 04:23:07.820139,,
408,100,221,2019-11-22 04:23:07.833541,2019-11-22 04:23:07.833541,,
409,11,221,2019-11-22 04:23:07.845154,2019-11-22 04:23:07.845154,,
526,6,227,2019-11-22 07:40:56.512251,2019-11-22 07:40:56.512251,,
695,3,143,2019-12-03 00:21:08.597568,2019-12-03 00:21:08.597568,,
696,5,143,2019-12-03 00:21:08.608787,2019-12-03 00:21:08.608787,,
697,14,120,2019-12-03 00:21:48.840705,2019-12-03 00:21:48.840705,,
913,5,308,2020-01-06 05:13:19.968825,2020-01-06 05:13:19.968825,,
923,5,305,2020-01-06 20:41:31.759955,2020-01-06 20:41:31.759955,,
927,3,314,2020-01-09 15:31:17.128719,2020-01-09 15:31:17.128719,0,
536,125,242,2019-11-23 21:43:35.121022,2019-11-23 21:43:35.121022,0,
537,6,242,2019-11-23 21:43:35.148395,2019-11-23 21:43:35.148395,0,
538,13,242,2019-11-23 21:43:35.175048,2019-11-23 21:43:35.175048,0,
539,10,21,2019-11-25 15:30:03.002024,2019-11-25 15:30:03.002024,0,
928,34,314,2020-01-09 15:31:17.140081,2020-01-09 15:31:17.140081,0,
929,9,314,2020-01-09 15:31:17.152962,2020-01-09 15:31:17.152962,0,
542,3,141,2019-11-26 15:11:38.723121,2019-11-26 15:11:38.723121,,
930,151,315,2020-01-10 13:20:58.223764,2020-01-10 13:20:58.223764,0,
931,4,315,2020-01-10 13:20:58.235808,2020-01-10 13:20:58.235808,0,
932,7,315,2020-01-10 13:20:58.247358,2020-01-10 13:20:58.247358,0,
933,130,316,2020-01-15 15:00:01.697621,2020-01-15 15:00:01.697621,,
544,3,247,2019-11-26 15:14:31.171708,2019-11-26 15:14:31.171708,,
545,108,248,2019-11-26 15:16:58.202766,2019-11-26 15:16:58.202766,,
546,3,248,2019-11-26 15:16:58.214201,2019-11-26 15:16:58.214201,,
934,152,316,2020-01-15 15:00:01.736165,2020-01-15 15:00:01.736165,,
548,3,249,2019-11-26 15:20:46.049347,2019-11-26 15:20:46.049347,,
549,126,249,2019-11-26 15:20:46.078541,2019-11-26 15:20:46.078541,,
550,3,148,2019-11-26 15:46:22.038566,2019-11-26 15:46:22.038566,,
551,95,209,2019-11-26 18:58:10.304578,2019-11-26 18:58:10.304578,,
552,80,209,2019-11-26 18:58:10.313704,2019-11-26 18:58:10.313704,,
553,9,209,2019-11-26 18:58:10.322901,2019-11-26 18:58:10.322901,,
554,87,209,2019-11-26 18:58:10.332213,2019-11-26 18:58:10.332213,,
555,9,251,2019-11-26 19:00:53.547719,2019-11-26 19:00:53.547719,,
556,9,252,2019-11-26 19:03:23.27223,2019-11-26 19:03:23.27223,,
557,34,252,2019-11-26 19:03:23.378663,2019-11-26 19:03:23.378663,,
558,3,252,2019-11-26 19:03:23.499222,2019-11-26 19:03:23.499222,,
559,9,253,2019-11-26 19:11:36.593666,2019-11-26 19:11:36.593666,,
560,8,152,2019-11-26 19:19:46.869962,2019-11-26 19:19:46.869962,,
561,10,152,2019-11-26 19:19:46.880597,2019-11-26 19:19:46.880597,,
562,9,152,2019-11-26 19:19:46.890931,2019-11-26 19:19:46.890931,,
935,130,317,2020-01-15 15:01:41.950663,2020-01-15 15:01:41.950663,,
936,152,317,2020-01-15 15:01:42.009195,2020-01-15 15:01:42.009195,,
567,10,256,2019-11-27 03:49:53.548358,2019-11-27 03:49:53.548358,,
568,9,256,2019-11-27 03:49:53.558504,2019-11-27 03:49:53.558504,,
569,8,256,2019-11-27 03:49:53.568969,2019-11-27 03:49:53.568969,,
570,127,256,2019-11-27 03:49:53.579264,2019-11-27 03:49:53.579264,,
574,49,258,2019-11-27 04:34:12.462352,2019-11-27 04:34:12.462352,,
575,12,258,2019-11-27 04:34:12.471538,2019-11-27 04:34:12.471538,,
576,128,258,2019-11-27 04:34:12.480832,2019-11-27 04:34:12.480832,,
580,129,259,2019-11-27 04:37:58.619164,2019-11-27 04:37:58.619164,,
581,5,259,2019-11-27 04:37:58.628892,2019-11-27 04:37:58.628892,,
582,12,259,2019-11-27 04:37:58.637591,2019-11-27 04:37:58.637591,,
583,112,260,2019-11-27 04:39:59.356774,2019-11-27 04:39:59.356774,,
584,113,260,2019-11-27 04:39:59.365984,2019-11-27 04:39:59.365984,,
585,12,260,2019-11-27 04:39:59.375944,2019-11-27 04:39:59.375944,,
589,130,261,2019-11-27 04:45:52.764785,2019-11-27 04:45:52.764785,,
590,55,261,2019-11-27 04:45:52.777246,2019-11-27 04:45:52.777246,,
591,11,261,2019-11-27 04:45:52.7943,2019-11-27 04:45:52.7943,,
600,7,267,2019-11-27 13:26:47.290196,2019-11-27 13:26:47.290196,,
617,60,131,2019-11-27 14:12:59.144019,2019-11-27 14:12:59.144019,0,
618,61,131,2019-11-27 14:12:59.155432,2019-11-27 14:12:59.155432,0,
619,34,131,2019-11-27 14:12:59.167325,2019-11-27 14:12:59.167325,0,
620,5,131,2019-11-27 14:12:59.178523,2019-11-27 14:12:59.178523,0,
874,7,297,2019-12-30 18:15:15.731914,2019-12-30 18:15:15.731914,,
875,7,298,2019-12-30 18:17:06.662387,2019-12-30 18:17:06.662387,,
876,54,235,2019-12-30 18:20:00.43581,2019-12-30 18:20:00.43581,,
877,5,235,2019-12-30 18:20:00.455373,2019-12-30 18:20:00.455373,,
878,114,235,2019-12-30 18:20:00.483455,2019-12-30 18:20:00.483455,,
879,7,299,2019-12-30 18:23:06.639055,2019-12-30 18:23:06.639055,,
890,5,303,2019-12-30 19:29:01.978957,2019-12-30 19:29:01.978957,3,
712,3,140,2019-12-03 00:38:01.029609,2019-12-03 00:38:01.029609,,
898,10,284,2020-01-02 19:00:29.559209,2020-01-02 19:00:29.559209,,
632,21,127,2019-11-27 14:21:59.991463,2019-11-27 14:21:59.991463,0,
633,6,127,2019-11-27 14:22:00.011475,2019-11-27 14:22:00.011475,0,
634,5,127,2019-11-27 14:22:00.026061,2019-11-27 14:22:00.026061,0,
635,15,128,2019-11-27 14:23:15.01359,2019-11-27 14:23:15.01359,0,
636,5,128,2019-11-27 14:23:15.026009,2019-11-27 14:23:15.026009,0,
637,14,128,2019-11-27 14:23:15.044108,2019-11-27 14:23:15.044108,0,
638,4,138,2019-11-27 14:23:46.496366,2019-11-27 14:23:46.496366,0,
639,65,138,2019-11-27 14:23:46.508931,2019-11-27 14:23:46.508931,0,
640,68,138,2019-11-27 14:23:46.519746,2019-11-27 14:23:46.519746,0,
641,67,138,2019-11-27 14:23:46.530452,2019-11-27 14:23:46.530452,0,
642,54,129,2019-11-27 14:30:46.736453,2019-11-27 14:30:46.736453,0,
643,5,129,2019-11-27 14:30:46.753433,2019-11-27 14:30:46.753433,0,
644,58,130,2019-11-27 14:31:27.827953,2019-11-27 14:31:27.827953,0,
645,5,130,2019-11-27 14:31:27.840933,2019-11-27 14:31:27.840933,0,
646,57,130,2019-11-27 14:31:27.851386,2019-11-27 14:31:27.851386,0,
647,7,135,2019-11-27 14:32:07.412576,2019-11-27 14:32:07.412576,0,
648,19,5,2019-11-27 14:34:10.213336,2019-11-27 14:34:10.213336,0,
649,5,5,2019-11-27 14:34:10.238963,2019-11-27 14:34:10.238963,0,
650,2,5,2019-11-27 14:34:10.251681,2019-11-27 14:34:10.251681,0,
651,59,5,2019-11-27 14:34:10.263761,2019-11-27 14:34:10.263761,0,
652,7,206,2019-11-27 14:35:16.915709,2019-11-27 14:35:16.915709,0,
653,85,206,2019-11-27 14:35:16.928151,2019-11-27 14:35:16.928151,0,
654,94,207,2019-11-27 14:35:51.898793,2019-11-27 14:35:51.898793,0,
655,11,207,2019-11-27 14:35:51.91242,2019-11-27 14:35:51.91242,0,
656,40,207,2019-11-27 14:35:51.942733,2019-11-27 14:35:51.942733,0,
657,80,208,2019-11-27 14:36:26.643294,2019-11-27 14:36:26.643294,0,
658,9,208,2019-11-27 14:36:26.658814,2019-11-27 14:36:26.658814,0,
714,139,154,2019-12-03 00:40:41.163823,2019-12-03 00:40:41.163823,,
914,60,171,2020-01-06 05:20:52.037091,2020-01-06 05:20:52.037091,,
716,15,269,2019-12-03 00:47:19.26983,2019-12-03 00:47:19.26983,0,
717,5,269,2019-12-03 00:47:19.278728,2019-12-03 00:47:19.278728,0,
718,14,269,2019-12-03 00:47:19.286456,2019-12-03 00:47:19.286456,0,
724,6,272,2019-12-03 15:07:19.351192,2019-12-03 15:07:19.351192,,
915,61,171,2020-01-06 05:20:52.048436,2020-01-06 05:20:52.048436,,
916,34,171,2020-01-06 05:20:52.063821,2020-01-06 05:20:52.063821,,
917,5,171,2020-01-06 05:20:52.076768,2020-01-06 05:20:52.076768,,
918,5,149,2020-01-06 05:24:54.44805,2020-01-06 05:24:54.44805,,
937,11,318,2020-01-15 15:04:44.494186,2020-01-15 15:04:44.494186,,
938,152,318,2020-01-15 15:04:44.531956,2020-01-15 15:04:44.531956,,
939,99,319,2020-01-15 15:09:00.732956,2020-01-15 15:09:00.732956,,
739,132,273,2019-12-04 19:23:43.038995,2019-12-04 19:23:43.038995,,
740,133,273,2019-12-04 19:23:43.055649,2019-12-04 19:23:43.055649,,
741,134,273,2019-12-04 19:23:43.071506,2019-12-04 19:23:43.071506,,
742,135,273,2019-12-04 19:23:43.097828,2019-12-04 19:23:43.097828,,
743,6,273,2019-12-04 19:23:43.110784,2019-12-04 19:23:43.110784,,
747,140,157,2019-12-05 04:13:55.26855,2019-12-05 04:13:55.26855,,0
748,10,157,2019-12-05 04:13:55.291531,2019-12-05 04:13:55.291531,,0
940,100,319,2020-01-15 15:09:00.75013,2020-01-15 15:09:00.75013,,
941,11,319,2020-01-15 15:09:00.767455,2020-01-15 15:09:00.767455,,
792,14,109,2019-12-06 18:36:40.064841,2019-12-06 18:36:40.064841,,
793,3,109,2019-12-06 18:36:40.079141,2019-12-06 18:36:40.079141,,
942,80,320,2020-01-15 15:10:35.311634,2020-01-15 15:10:35.311634,,
943,11,320,2020-01-15 15:10:35.331156,2020-01-15 15:10:35.331156,,
822,11,294,2019-12-16 14:52:07.895575,2019-12-16 14:52:07.895575,,
823,6,288,2019-12-19 14:47:50.41331,2019-12-19 14:47:50.41331,,
824,6,287,2019-12-19 14:50:07.953102,2019-12-19 14:50:07.953102,,
825,5,211,2019-12-19 14:52:10.500175,2019-12-19 14:52:10.500175,,
826,5,212,2019-12-19 14:53:06.725697,2019-12-19 14:53:06.725697,,
827,12,212,2019-12-19 14:53:06.742313,2019-12-19 14:53:06.742313,,
828,6,285,2019-12-19 14:55:01.284591,2019-12-19 14:55:01.284591,,
835,144,291,2019-12-19 15:34:15.154094,2019-12-19 15:34:15.154094,,
836,11,291,2019-12-19 15:34:15.168435,2019-12-19 15:34:15.168435,,
837,145,291,2019-12-19 15:34:15.179899,2019-12-19 15:34:15.179899,,
838,146,291,2019-12-19 15:34:15.195421,2019-12-19 15:34:15.195421,,
839,147,291,2019-12-19 15:34:15.214051,2019-12-19 15:34:15.214051,,
840,120,290,2019-12-19 15:37:41.411267,2019-12-19 15:37:41.411267,,
841,11,290,2019-12-19 15:37:41.443977,2019-12-19 15:37:41.443977,,
842,149,293,2019-12-19 15:39:13.954428,2019-12-19 15:39:13.954428,,
843,11,293,2019-12-19 15:39:13.964609,2019-12-19 15:39:13.964609,,
844,120,293,2019-12-19 15:39:13.976035,2019-12-19 15:39:13.976035,,
847,3,146,2019-12-30 14:29:24.298259,2019-12-30 14:29:24.298259,,
848,46,146,2019-12-30 14:29:24.309105,2019-12-30 14:29:24.309105,,
851,5,173,2019-12-30 14:32:41.443378,2019-12-30 14:32:41.443378,,
852,13,173,2019-12-30 14:32:41.457156,2019-12-30 14:32:41.457156,,
854,3,296,2019-12-30 14:39:38.467595,2019-12-30 14:39:38.467595,,
863,7,182,2019-12-30 17:12:57.479099,2019-12-30 17:12:57.479099,,
864,7,176,2019-12-30 17:17:44.933878,2019-12-30 17:17:44.933878,,
